"source","term_name","term_id","adjusted_p_value","negative_log10_of_adjusted_p_value","term_size","query_size","intersection_size","effective_domain_size","intersections"
"GO:MF","binding","GO:0005488","0.030099558952979714","1.5214398680503596","3789","123","91","6549","YBR005W,YIL034C,YGL086W,YGL087C,YOR353C,YNL267W,YHL034C,YOR275C,YOR276W,YKL090W,YOR239W,YKL010C,YLR268W,YER133W,YML012W,YBL051C,YBL050W,YHL020C,YML129C,YGR284C,YAR018C,YOR257W,YML004C,YOR231W,YPR046W,YPR045C,YEL002C,YBL058W,YOR007C,YJR010C-A,YER025W,YPR052C,YOR141C,YFL049W,YKL091C,YGL127C,YGR175C,YHR104W,YNL098C,YDR002W,YHR201C,YJR093C,YER134C,YBR193C,YPL228W,YNL160W,YJR113C,YGL058W,YOR317W,YPR016C,YAL012W,YCR036W,YLR278C,YOR250C,YAL007C,YDR178W,YCL057W,YGL040C,YHL027W,YBR052C,YMR104C,YHL029C,YAR002C-A,YER035W,YJR117W,YOL146W,YOR204W,YHR039C-A,YAL056W,YDL159W,YGL092W,YDR201W,YLR410W,YCL050C,YPR191W,YCL008C,YDR158W,YIL145C,YHR089C,YJL035C,YJL034W,YNR052C,YMR200W,YNL081C,YBR166C,YAL023C,YDR308C,YNL131W,YOR329C,YGL207W,YBL040C"
"GO:BP","Golgi organization","GO:0007030","0.015973004857951962","1.796613376255292","46","123","7","6539","YLR268W,YML012W,YBL050W,YGR284C,YBL058W,YAL007C,YAR002C-A"
"GO:BP","organic substance metabolic process","GO:0071704","0.017669123846787052","1.7527849851813857","3657","123","91","6539","YGL087C,YNL267W,YBR004C,YHL034C,YOR275C,YOR276W,YKL090W,YOR239W,YKL010C,YER133W,YPR151C,YBL051C,YHL020C,YML129C,YER141W,YAR018C,YOR257W,YML004C,YOR231W,YPR045C,YEL002C,YBL058W,YOR007C,YJR010C-A,YER025W,YDR494W,YPR052C,YOR141C,YFL049W,YMR008C,YGL127C,YGR175C,YHR104W,YNL098C,YCL052C,YDR002W,YHR201C,YJR093C,YBR193C,YPL228W,YNL160W,YJR113C,YGL058W,YOR317W,YIL049W,YPR016C,YAL012W,YCR036W,YNR059W,YIL102C-A,YLR278C,YKR067W,YKR080W,YOR250C,YDR318W,YDR178W,YCL057W,YGL040C,YHL027W,YHR039C,YMR104C,YER035W,YJR117W,YOR311C,YOL146W,YEL040W,YOR204W,YAL056W,YDL159W,YGL092W,YLR410W,YCL050C,YPR191W,YCL008C,YCL005W-A,YHR018C,YDR158W,YIL145C,YHR089C,YJL035C,YJL034W,YNR052C,YMR200W,YNL081C,YBR166C,YAL023C,YDR308C,YPL064C,YGL207W,YDL049C,YJL091C"
"GO:BP","cellular process","GO:0009987","0.043505516094942666","1.361455675051838","5063","123","112","6539","YBR005W,YIL034C,YGL086W,YLR094C,YGL087C,YOR353C,YNL267W,YBR004C,YHL034C,YOR275C,YOR276W,YKL090W,YOR239W,YKL010C,YLR268W,YER133W,YML012W,YBL051C,YBL050W,YHL020C,YML129C,YGR284C,YER141W,YAR018C,YOR257W,YML004C,YOR231W,YPR046W,YPR045C,YEL002C,YBL058W,YOR007C,YJR010C-A,YER025W,YDR494W,YPR052C,YOR141C,YFL049W,YMR008C,YGL127C,YGR175C,YHR104W,YNL098C,YCL052C,YDR002W,YHR201C,YJR093C,YBR193C,YPL228W,YNL160W,YJR113C,YGL058W,YOR317W,YIL049W,YPR016C,YAL012W,YCR036W,YNR059W,YIL102C-A,YLR278C,YKR067W,YKR080W,YOR250C,YDR318W,YAL007C,YDR178W,YCL057W,YCL057C-A,YGL040C,YHL027W,YHR039C,YJL166W,YMR104C,YAR002C-A,YER035W,YGR106C,YJR117W,YOR311C,YOL146W,YEL040W,YOR204W,YHR039C-A,YAL056W,YDL159W,YGL092W,YDR201W,YLR410W,YCL050C,YPR191W,YCL008C,YCL005W-A,YHR018C,YDR158W,YIL145C,YHR089C,YJL035C,YJL034W,YNR052C,YMR200W,YNL081C,YBR166C,YAL023C,YDR308C,YNL131W,YOR329C,YPL064C,YBR067C,YGL207W,YDL049C,YDL198C,YBL040C,YJL091C"
"GO:CC","endoplasmic reticulum membrane","GO:0005789","0.0003076244226190524","3.5119791884166336","414","123","23","6566","YBR005W,YBR004C,YLR268W,YML012W,YGR284C,YEL002C,YJR010C-A,YGR175C,YNL098C,YCL052C,YIL049W,YIL102C-A,YKR067W,YAL007C,YAR002C-A,YGR106C,YJR117W,YOR311C,YJL034W,YMR200W,YAL023C,YBL040C,YJL091C"
"GO:CC","endoplasmic reticulum subcompartment","GO:0098827","0.0003483503066174278","3.457983802863879","417","123","23","6566","YBR005W,YBR004C,YLR268W,YML012W,YGR284C,YEL002C,YJR010C-A,YGR175C,YNL098C,YCL052C,YIL049W,YIL102C-A,YKR067W,YAL007C,YAR002C-A,YGR106C,YJR117W,YOR311C,YJL034W,YMR200W,YAL023C,YBL040C,YJL091C"
"GO:CC","intracellular anatomical structure","GO:0005622","0.000506795626657222","3.29516714147374","5217","123","116","6566","YBR005W,YIL034C,YGL086W,YLR094C,YGL087C,YOR353C,YNL267W,YBR004C,YHL034C,YOR275C,YOR276W,YOR239W,YKL010C,YLR268W,YER133W,YML012W,YPR151C,YBL051C,YBL050W,YHL020C,YML129C,YGR284C,YER141W,YAR018C,YOR257W,YML004C,YOR231W,YPR046W,YPR045C,YEL002C,YBL058W,YOR007C,YJR010C-A,YER025W,YDR494W,YPR052C,YPL109C,YOR141C,YFL049W,YKL091C,YMR008C,YGL127C,YGR175C,YHR104W,YNL098C,YCL052C,YDR002W,YHR201C,YJR093C,YER134C,YBR193C,YPL228W,YJR113C,YGL058W,YOR317W,YIL049W,YPR016C,YAL012W,YCR036W,YNR059W,YIL102C-A,YLR278C,YKR067W,YKR080W,YOR250C,YDR318W,YAL007C,YDR178W,YCL057W,YCL057C-A,YGL040C,YHL027W,YBR052C,YHR039C,YJL166W,YMR104C,YHL029C,YAR002C-A,YER035W,YGR106C,YJR117W,YOR311C,YOL146W,YEL040W,YOR204W,YHR039C-A,YAL056W,YDL159W,YGL092W,YDR201W,YLR410W,YCL050C,YPR191W,YCL008C,YCL005W-A,YHR018C,YDR158W,YIL145C,YHR089C,YJL035C,YJL034W,YNR052C,YMR200W,YNL081C,YBR166C,YAL023C,YDR308C,YNL131W,YOR329C,YPL064C,YBR067C,YGL207W,YDL049C,YDL198C,YBL040C,YJL091C"
"GO:CC","nuclear outer membrane-endoplasmic reticulum membrane network","GO:0042175","0.0005436709470628694","3.2646638744056897","428","123","23","6566","YBR005W,YBR004C,YLR268W,YML012W,YGR284C,YEL002C,YJR010C-A,YGR175C,YNL098C,YCL052C,YIL049W,YIL102C-A,YKR067W,YAL007C,YAR002C-A,YGR106C,YJR117W,YOR311C,YJL034W,YMR200W,YAL023C,YBL040C,YJL091C"
"GO:CC","organelle subcompartment","GO:0031984","0.0011692216461286833","2.93210315302447","481","123","24","6566","YBR005W,YNL267W,YBR004C,YLR268W,YML012W,YGR284C,YEL002C,YJR010C-A,YGR175C,YNL098C,YCL052C,YIL049W,YIL102C-A,YKR067W,YAL007C,YAR002C-A,YGR106C,YJR117W,YOR311C,YJL034W,YMR200W,YAL023C,YBL040C,YJL091C"
"GO:CC","intracellular organelle","GO:0043229","0.009182798811340522","2.03702493066523","4668","123","106","6566","YBR005W,YIL034C,YGL086W,YLR094C,YGL087C,YNL267W,YBR004C,YHL034C,YOR275C,YOR239W,YKL010C,YLR268W,YER133W,YML012W,YPR151C,YBL051C,YBL050W,YHL020C,YML129C,YGR284C,YER141W,YAR018C,YOR257W,YML004C,YPR046W,YPR045C,YEL002C,YBL058W,YJR010C-A,YER025W,YDR494W,YPR052C,YPL109C,YOR141C,YFL049W,YKL091C,YMR008C,YGL127C,YGR175C,YHR104W,YNL098C,YCL052C,YDR002W,YHR201C,YJR093C,YER134C,YBR193C,YPL228W,YJR113C,YGL058W,YOR317W,YIL049W,YPR016C,YAL012W,YCR036W,YNR059W,YIL102C-A,YLR278C,YKR067W,YKR080W,YOR250C,YDR318W,YAL007C,YDR178W,YCL057W,YCL057C-A,YGL040C,YHL027W,YHR039C,YJL166W,YMR104C,YAR002C-A,YER035W,YGR106C,YJR117W,YOR311C,YOL146W,YEL040W,YOR204W,YHR039C-A,YAL056W,YGL092W,YDR201W,YLR410W,YCL050C,YPR191W,YCL008C,YCL005W-A,YDR158W,YIL145C,YHR089C,YJL035C,YJL034W,YNR052C,YMR200W,YNL081C,YAL023C,YDR308C,YNL131W,YOR329C,YPL064C,YGL207W,YDL049C,YDL198C,YBL040C,YJL091C"
"GO:CC","organelle","GO:0043226","0.009450750582922239","2.024533698255129","4670","123","106","6566","YBR005W,YIL034C,YGL086W,YLR094C,YGL087C,YNL267W,YBR004C,YHL034C,YOR275C,YOR239W,YKL010C,YLR268W,YER133W,YML012W,YPR151C,YBL051C,YBL050W,YHL020C,YML129C,YGR284C,YER141W,YAR018C,YOR257W,YML004C,YPR046W,YPR045C,YEL002C,YBL058W,YJR010C-A,YER025W,YDR494W,YPR052C,YPL109C,YOR141C,YFL049W,YKL091C,YMR008C,YGL127C,YGR175C,YHR104W,YNL098C,YCL052C,YDR002W,YHR201C,YJR093C,YER134C,YBR193C,YPL228W,YJR113C,YGL058W,YOR317W,YIL049W,YPR016C,YAL012W,YCR036W,YNR059W,YIL102C-A,YLR278C,YKR067W,YKR080W,YOR250C,YDR318W,YAL007C,YDR178W,YCL057W,YCL057C-A,YGL040C,YHL027W,YHR039C,YJL166W,YMR104C,YAR002C-A,YER035W,YGR106C,YJR117W,YOR311C,YOL146W,YEL040W,YOR204W,YHR039C-A,YAL056W,YGL092W,YDR201W,YLR410W,YCL050C,YPR191W,YCL008C,YCL005W-A,YDR158W,YIL145C,YHR089C,YJL035C,YJL034W,YNR052C,YMR200W,YNL081C,YAL023C,YDR308C,YNL131W,YOR329C,YPL064C,YGL207W,YDL049C,YDL198C,YBL040C,YJL091C"
"GO:CC","intracellular membrane-bounded organelle","GO:0043231","0.0162611332987456","1.788849190092501","4385","123","101","6566","YBR005W,YGL086W,YLR094C,YGL087C,YNL267W,YBR004C,YHL034C,YOR275C,YKL010C,YLR268W,YER133W,YML012W,YPR151C,YBL051C,YBL050W,YHL020C,YML129C,YGR284C,YER141W,YAR018C,YOR257W,YML004C,YPR046W,YPR045C,YEL002C,YBL058W,YJR010C-A,YDR494W,YPR052C,YPL109C,YOR141C,YFL049W,YKL091C,YMR008C,YGL127C,YGR175C,YHR104W,YNL098C,YCL052C,YDR002W,YHR201C,YJR093C,YER134C,YBR193C,YPL228W,YJR113C,YGL058W,YOR317W,YIL049W,YPR016C,YAL012W,YCR036W,YNR059W,YIL102C-A,YLR278C,YKR067W,YKR080W,YOR250C,YDR318W,YAL007C,YDR178W,YCL057W,YCL057C-A,YGL040C,YHL027W,YHR039C,YJL166W,YMR104C,YAR002C-A,YER035W,YGR106C,YJR117W,YOR311C,YOL146W,YOR204W,YHR039C-A,YAL056W,YGL092W,YDR201W,YCL050C,YPR191W,YCL008C,YCL005W-A,YDR158W,YIL145C,YHR089C,YJL035C,YJL034W,YNR052C,YMR200W,YNL081C,YAL023C,YDR308C,YNL131W,YOR329C,YPL064C,YGL207W,YDL049C,YDL198C,YBL040C,YJL091C"
"GO:CC","membrane-bounded organelle","GO:0043227","0.016484130232068888","1.7829339630114713","4386","123","101","6566","YBR005W,YGL086W,YLR094C,YGL087C,YNL267W,YBR004C,YHL034C,YOR275C,YKL010C,YLR268W,YER133W,YML012W,YPR151C,YBL051C,YBL050W,YHL020C,YML129C,YGR284C,YER141W,YAR018C,YOR257W,YML004C,YPR046W,YPR045C,YEL002C,YBL058W,YJR010C-A,YDR494W,YPR052C,YPL109C,YOR141C,YFL049W,YKL091C,YMR008C,YGL127C,YGR175C,YHR104W,YNL098C,YCL052C,YDR002W,YHR201C,YJR093C,YER134C,YBR193C,YPL228W,YJR113C,YGL058W,YOR317W,YIL049W,YPR016C,YAL012W,YCR036W,YNR059W,YIL102C-A,YLR278C,YKR067W,YKR080W,YOR250C,YDR318W,YAL007C,YDR178W,YCL057W,YCL057C-A,YGL040C,YHL027W,YHR039C,YJL166W,YMR104C,YAR002C-A,YER035W,YGR106C,YJR117W,YOR311C,YOL146W,YOR204W,YHR039C-A,YAL056W,YGL092W,YDR201W,YCL050C,YPR191W,YCL008C,YCL005W-A,YDR158W,YIL145C,YHR089C,YJL035C,YJL034W,YNR052C,YMR200W,YNL081C,YAL023C,YDR308C,YNL131W,YOR329C,YPL064C,YGL207W,YDL049C,YDL198C,YBL040C,YJL091C"
"GO:CC","cellular anatomical entity","GO:0110165","0.01686700208649966","1.7729621013462173","5768","123","120","6566","YBR005W,YIL034C,YGL086W,YLR094C,YGL087C,YOR353C,YNL267W,YBR004C,YHL034C,YOR275C,YOR276W,YOR239W,YKL010C,YLR268W,YER133W,YML012W,YPR151C,YBL051C,YBL050W,YHL020C,YML129C,YGR284C,YER141W,YAR018C,YOR257W,YML004C,YOR231W,YPR046W,YPR045C,YEL002C,YBL058W,YOR007C,YJR010C-A,YER025W,YDR494W,YPR052C,YPL109C,YOR141C,YFL049W,YKL091C,YMR008C,YGL127C,YGR175C,YHR104W,YNL098C,YCL052C,YDR002W,YHR201C,YJR093C,YER134C,YBR193C,YPL228W,YNL160W,YJR113C,YGL058W,YOR317W,YIL049W,YPR016C,YAL012W,YCR036W,YNR059W,YPL114W,YIL102C-A,YLR278C,YLR279W,YKR067W,YKR080W,YOR250C,YDR318W,YAL007C,YCL049C,YDR178W,YCL057W,YCL057C-A,YGL040C,YHL027W,YBR052C,YHR039C,YJL166W,YMR104C,YHL029C,YAR002C-A,YER035W,YGR106C,YJR117W,YOR311C,YOL146W,YEL040W,YOR204W,YHR039C-A,YAL056W,YDL159W,YGL092W,YDR201W,YLR410W,YCL050C,YPR191W,YCL008C,YCL005W-A,YHR018C,YDR158W,YIL145C,YHR089C,YJL035C,YJL034W,YNR052C,YMR200W,YNL081C,YBR166C,YAL023C,YDR308C,YNL131W,YOR329C,YPL064C,YBR067C,YGL207W,YDL049C,YDL198C,YBL040C,YJL091C"
"GO:CC","integral component of endoplasmic reticulum membrane","GO:0030176","0.023872261720395777","1.6221064328509986","83","123","8","6566","YBR005W,YBR004C,YJR010C-A,YIL102C-A,YKR067W,YJR117W,YOR311C,YBL040C"
"GO:CC","intrinsic component of endoplasmic reticulum membrane","GO:0031227","0.02597649444032799","1.5854194578798053","84","123","8","6566","YBR005W,YBR004C,YJR010C-A,YIL102C-A,YKR067W,YJR117W,YOR311C,YBL040C"
"GO:CC","endomembrane system","GO:0012505","0.031370522578030614","1.5034782466556265","1154","123","38","6566","YBR005W,YGL086W,YNL267W,YBR004C,YOR275C,YLR268W,YML012W,YHL020C,YGR284C,YOR257W,YEL002C,YJR010C-A,YMR008C,YGR175C,YNL098C,YCL052C,YDR002W,YOR317W,YIL049W,YNR059W,YIL102C-A,YKR067W,YAL007C,YCL057W,YHR039C,YAR002C-A,YGR106C,YJR117W,YOR311C,YHR039C-A,YGL092W,YCL008C,YCL005W-A,YJL034W,YMR200W,YAL023C,YBL040C,YJL091C"
"GO:CC","endoplasmic reticulum-Golgi intermediate compartment","GO:0005793","0.033795522071463684","1.4711408402101447","30","123","5","6566","YLR268W,YML012W,YGR284C,YAL007C,YAR002C-A"
"GO:CC","endoplasmic reticulum","GO:0005783","0.03693805467992963","1.432525980146948","710","123","27","6566","YBR005W,YBR004C,YLR268W,YML012W,YHL020C,YGR284C,YEL002C,YJR010C-A,YMR008C,YGR175C,YNL098C,YCL052C,YOR317W,YIL049W,YIL102C-A,YKR067W,YAL007C,YHR039C,YAR002C-A,YGR106C,YJR117W,YOR311C,YJL034W,YMR200W,YAL023C,YBL040C,YJL091C"
"TF","Factor: Hac1p; motif: KGMCAGCGTGTC","TF:M00730","0.011637448595053442","1.9341422243722715","15","123","4","6599","YJR113C,YDR318W,YJL035C,YJL034W"
"TF","Factor: Matalpha2-Mcm1; motif: ATGTAATTACCTAATTAGG; match class: 1","TF:M08191_1","0.014961183471529346","1.8250340512024592","29","123","5","6599","YKL090W,YAR018C,YKL091C,YEL040W,YBR067C"
"TF","Factor: Xbp1p; motif: YTCGARN","TF:M01947","0.01652720122749373","1.781800685107772","745","123","28","6599","YKL090W,YER133W,YBL051C,YBL050W,YHL020C,YOR007C,YOR141C,YFL049W,YKL091C,YGR175C,YER134C,YBR193C,YAL012W,YDR178W,YBR052C,YMR104C,YHL029C,YER035W,YJR117W,YDL240C-A,YEL040W,YOR204W,YAL056W,YDR201W,YJL035C,YJL034W,YAL023C,YDL198C"
