Target,gene,umap1,umap2,GO_term,40_Kmeans_ID,"40_kmeans_name
Abbreviation",40_Kmeans_label,20_Kmeans_ID,20_Kmeans_label,"YPD_classification
(STM Classification)"
Hhf1,YBR009C,-0.06,12.22,Chromatin regulation,17,NUC,Nucleosomes,0,Nucleosomes,Not Promoter Bound in YPD
Hhf2,YNL030W,-0.1,12.24,Chromatin regulation,17,NUC,Nucleosomes,0,Nucleosomes,Not Promoter Bound in YPD
Hht1,YBR010W,-0.09,12.25,Chromatin regulation,17,NUC,Nucleosomes,0,Nucleosomes,Not Promoter Bound in YPD
Hta2,YBL003C,-0.09,12.25,Chromatin regulation,17,NUC,Nucleosomes,0,Nucleosomes,Not Promoter Bound in YPD
Htb2,YBL002W,-0.04,12.23,Chromatin regulation,17,NUC,Nucleosomes,0,Nucleosomes,Not Promoter Bound in YPD
Yku70,YMR284W,-0.06,12.21,Chromatin regulation,17,NUC,Nucleosomes,0,Nucleosomes,Not Promoter Bound in YPD
Ecm5,YMR176W,-0.41,10.92,Chromatin regulation,30,HAP,HAP complex,0,HAP complex,Cofactor
Hap2,YGL237C,0.16,11.19,Chromatin regulation,30,HAP,HAP complex,0,HAP complex,TF
Hap3,YBL021C,0.16,11.19,Chromatin regulation,30,HAP,HAP complex,0,HAP complex,TF
Hap5,YOR358W,0.16,11.2,Chromatin regulation,30,HAP,HAP complex,0,HAP complex,TF
Snt2,YGL131C,-0.43,10.92,Chromatin regulation,30,HAP,HAP complex,0,HAP complex,TF
Yap5,YIR018W,0.16,11.19,Chromatin regulation,30,HAP,HAP complex,0,HAP complex,Cofactor
Hht2,YNL031C,-0.97,11.9,Chromatin regulation,38,ISO3,Not clustered,0,Nucleosomes,Not Promoter Bound in YPD
Bas1,YKR099W,-6.12,0.85,Chromatin regulation,10,TUP_a,Tup1/Cyc8 complex,6,Tup1/Cyc8 complex,TF
Gis1,YDR096W,-6.28,1.06,Chromatin regulation,10,TUP_a,Tup1/Cyc8 complex,6,Tup1/Cyc8 complex,Cofactor (TUP)
Gzf3,YJL110C,-6.33,1.12,Chromatin regulation,10,TUP_a,Tup1/Cyc8 complex,6,Tup1/Cyc8 complex,Cofactor
Mig1,YGL035C,-6.3,1.08,Chromatin regulation,10,TUP_a,Tup1/Cyc8 complex,6,Tup1/Cyc8 complex,TF
Mig2,YGL209W,-6.32,1.1,Chromatin regulation,10,TUP_a,Tup1/Cyc8 complex,6,Tup1/Cyc8 complex,TF
Rfx1,YLR176C,-6.1,0.84,Chromatin regulation,10,TUP_a,Tup1/Cyc8 complex,6,Tup1/Cyc8 complex,Cofactor
Rlm1,YPL089C,-6.16,0.93,Chromatin regulation,10,TUP_a,Tup1/Cyc8 complex,6,Tup1/Cyc8 complex,TF
Cin5,YOR028C,-5.7,0.45,Chromatin regulation,21,TUP_b,Tup1/Cyc8 complex,6,Tup1/Cyc8 complex,TF
Cup9,YPL177C,-5.67,0.42,Chromatin regulation,21,TUP_b,Tup1/Cyc8 complex,6,Tup1/Cyc8 complex,TF
Cyc8,YBR112C,-5.85,0.59,Chromatin regulation,21,TUP_b,Tup1/Cyc8 complex,6,Tup1/Cyc8 complex,Cofactor (TUP)
Nrg1,YDR043C,-5.65,0.38,Chromatin regulation,21,TUP_b,Tup1/Cyc8 complex,6,Tup1/Cyc8 complex,TF (TUP)
Nrg2,YBR066C,-5.66,0.4,Chromatin regulation,21,TUP_b,Tup1/Cyc8 complex,6,Tup1/Cyc8 complex,TF (TUP)
Oaf3,YKR064W,-5.75,0.47,Chromatin regulation,21,TUP_b,Tup1/Cyc8 complex,6,Tup1/Cyc8 complex,Cofactor
Phd1,YKL043W,-5.81,0.54,Chromatin regulation,21,TUP_b,Tup1/Cyc8 complex,6,Tup1/Cyc8 complex,TF (TUP)
Rds2,YPL133C,-5.85,0.59,Chromatin regulation,21,TUP_b,Tup1/Cyc8 complex,6,Tup1/Cyc8 complex,TF
Sfl1,YOR140W,-5.74,0.48,Chromatin regulation,21,TUP_b,Tup1/Cyc8 complex,6,Tup1/Cyc8 complex,TF (TUP)
Sko1,YNL167C,-5.68,0.42,Chromatin regulation,21,TUP_b,Tup1/Cyc8 complex,6,Tup1/Cyc8 complex,TF
Sok2,YMR016C,-5.8,0.53,Chromatin regulation,21,TUP_b,Tup1/Cyc8 complex,6,Tup1/Cyc8 complex,TF (TUP)
Stp4,YDL048C,-5.68,0.42,Chromatin regulation,21,TUP_b,Tup1/Cyc8 complex,6,Tup1/Cyc8 complex,TF
Sut1,YGL162W,-5.65,0.39,Chromatin regulation,21,TUP_b,Tup1/Cyc8 complex,6,Tup1/Cyc8 complex,TF (TUP)
Tbs1,YBR150C,-5.78,0.51,Chromatin regulation,21,TUP_b,Tup1/Cyc8 complex,6,Tup1/Cyc8 complex,TF
Tup1,YCR084C,-5.74,0.47,Chromatin regulation,21,TUP_b,Tup1/Cyc8 complex,6,Tup1/Cyc8 complex,Cofactor (TUP)
Gcn4,YEL009C,4.08,3.07,Chromatin regulation,2,RPD,RPD3 complex,9,Cell cycle regulation,TF
Nrm1,YNR009W,4.33,2.84,Chromatin regulation,2,RPD,RPD3 complex,9,Cell cycle regulation,Cofactor
Pho23,YNL097C,4.16,3.02,Chromatin regulation,2,RPD,RPD3 complex,9,Cell cycle regulation,Cofactor
Rpd3,YNL330C,4.14,3.03,Chromatin regulation,2,RPD,RPD3 complex,9,Cell cycle regulation,Cofactor
Rxt1,YPL181W,4.23,2.94,Chromatin regulation,2,RPD,RPD3 complex,9,Cell cycle regulation,Cofactor
Rxt2,YBR095C,4.25,2.93,Chromatin regulation,2,RPD,RPD3 complex,9,Cell cycle regulation,Cofactor
Rxt3,YDL076C,4.16,3.01,Chromatin regulation,2,RPD,RPD3 complex,9,Cell cycle regulation,Cofactor
Sap30,YMR263W,4.16,3.01,Chromatin regulation,2,RPD,RPD3 complex,9,Cell cycle regulation,Cofactor
Sin3,YOL004W,4.11,3.06,Chromatin regulation,2,RPD,RPD3 complex,9,Cell cycle regulation,Cofactor
Ume6,YDR207C,4.2,2.97,Chromatin regulation,2,RPD,RPD3 complex,9,Cell cycle regulation,TF
Fkh2,YNL068C,4.45,2.7,Chromatin regulation,32,SBF,SBF complex,9,Cell cycle regulation,TF
Mbp1,YDL056W,4.65,2.49,Chromatin regulation,32,SBF,SBF complex,9,Cell cycle regulation,TF
Ndd1,YOR372C,4.58,2.56,Chromatin regulation,32,SBF,SBF complex,9,Cell cycle regulation,Not Promoter Bound in YPD
Stb1,YNL309W,4.68,2.46,Chromatin regulation,32,SBF,SBF complex,9,Cell cycle regulation,Cofactor
Swi4,YER111C,4.68,2.46,Chromatin regulation,32,SBF,SBF complex,9,Cell cycle regulation,TF
Swi6,YLR182W,4.65,2.48,Chromatin regulation,32,SBF,SBF complex,9,Cell cycle regulation,TF
Whi5,YOR083W,4.64,2.5,Chromatin regulation,32,SBF,SBF complex,9,Cell cycle regulation,Cofactor
Sir2,YDL042C,1.48,9.31,Chromatin regulation,25,SIR,SIR complex,10,SAGA complex,Not Promoter Bound in YPD
Sir3,YLR442C,1.48,9.31,Chromatin regulation,25,SIR,SIR complex,10,SAGA complex,Not Promoter Bound in YPD
Sir4,YDR227W,1.48,9.31,Chromatin regulation,25,SIR,SIR complex,10,SAGA complex,Not Promoter Bound in YPD
Aor1,YBR231C,-0.84,-5.55,Chromatin regulation,11,SWR,SWR complex,14,SWR complex,Not Promoter Bound in YPD
Arp6,YLR085C,-0.81,-5.58,Chromatin regulation,11,SWR,SWR complex,14,SWR complex,Not Promoter Bound in YPD
Bdf1,YLR399C,-0.93,-5.44,Chromatin regulation,11,SWR,SWR complex,14,SWR complex,Not Promoter Bound in YPD
Bdf2,YDL070W,-1.06,-5.29,Chromatin regulation,11,SWR,SWR complex,14,SWR complex,Not Promoter Bound in YPD
Htz1,YOL012C,-0.86,-5.52,Chromatin regulation,11,SWR,SWR complex,14,SWR complex,Not Promoter Bound in YPD
Rvb1,YDR190C,-0.92,-5.46,Chromatin regulation,11,SWR,SWR complex,14,SWR complex,Not Promoter Bound in YPD
Swc7,YLR385C,-0.83,-5.55,Chromatin regulation,11,SWR,SWR complex,14,SWR complex,Not Promoter Bound in YPD
Swr1,YDR334W,-0.86,-5.52,Chromatin regulation,11,SWR,SWR complex,14,SWR complex,Not Promoter Bound in YPD
Vps71,YML041C,-0.88,-5.5,Chromatin regulation,11,SWR,SWR complex,14,SWR complex,Not Promoter Bound in YPD
Vps72,YDR485C,-0.86,-5.52,Chromatin regulation,11,SWR,SWR complex,14,SWR complex,Not Promoter Bound in YPD
Htl1,YCR020W-B,-0.85,16.67,Chromatin regulation,13,RSC,RSC complex,16,RSC complex,Cofactor
Rsc1,YGR056W,-0.85,16.67,Chromatin regulation,13,RSC,RSC complex,16,RSC complex,Cofactor
Rsc3,YDR303C,-0.83,16.69,Chromatin regulation,13,RSC,RSC complex,16,RSC complex,TF
Rsc58,YLR033W,-0.99,16.54,Chromatin regulation,13,RSC,RSC complex,16,RSC complex,Cofactor
Rsc6,YCR052W,-0.98,16.55,Chromatin regulation,13,RSC,RSC complex,16,RSC complex,Cofactor
Rsc8,YFR037C,-0.86,16.66,Chromatin regulation,13,RSC,RSC complex,16,RSC complex,Cofactor
Rsc9,YML127W,-0.99,16.53,Chromatin regulation,13,RSC,RSC complex,16,RSC complex,Cofactor
Sfh1,YLR321C,-0.86,16.66,Chromatin regulation,13,RSC,RSC complex,16,RSC complex,Cofactor
Sth1,YIL126W,-0.97,16.55,Chromatin regulation,13,RSC,RSC complex,16,RSC complex,Cofactor
Ecm22,YLR228C,-1.71,10.22,Miscellaneous,15,ISO4,Not clustered,12,Not clustered,TF
Fkh1,YIL131C,-1.84,10.42,Miscellaneous,15,ISO4,Not clustered,12,Not clustered,TF
Gcr1,YPL075W,-1.6,9.99,Miscellaneous,15,ISO4,Not clustered,12,Not clustered,TF
Hem2,YGL040C,-1.51,10.31,Miscellaneous,15,ISO4,Not clustered,12,Not clustered,Not Promoter Bound in YPD
Mcm1,YMR043W,-1.71,10.15,Miscellaneous,15,ISO4,Not clustered,12,Not clustered,TF
Nut2,YPR168W,-1.6,9.95,Miscellaneous,15,ISO4,Not clustered,12,Not clustered,Cofactor (Mediator)
Pdr3,YBL005W,-1.57,10.46,Miscellaneous,15,ISO4,Not clustered,12,Not clustered,TF
Rox1,YPR065W,-1.76,10.13,Miscellaneous,15,ISO4,Not clustered,12,Not clustered,Not Promoter Bound in YPD
Snf2,YOR290C,-1.66,10.05,Miscellaneous,15,ISO4,Not clustered,12,Not clustered,Cofactor
Stb4,YMR019W,-1.55,10.39,Miscellaneous,15,ISO4,Not clustered,12,Not clustered,TF
Tda9,YML081W,-1.64,10.17,Miscellaneous,15,ISO4,Not clustered,12,Not clustered,Cofactor
Ume1,YPL139C,-1.74,10.12,Miscellaneous,15,ISO4,Not clustered,12,Not clustered,Cofactor
Urc2,YDR520C,-1.53,10.29,Miscellaneous,15,ISO4,Not clustered,12,Not clustered,TF
War1,YML076C,-1.84,10.53,Miscellaneous,15,ISO4,Not clustered,12,Not clustered,TF
Aap1,YHR047C,-1.65,11.33,Miscellaneous,27,ISO5,Not clustered,12,Not clustered,Not Promoter Bound in YPD
Cad1,YDR423C,-1.67,10.78,Miscellaneous,27,ISO5,Not clustered,12,Not clustered,TF
Dbf4,YDR052C,-1.8,11.25,Miscellaneous,27,ISO5,Not clustered,12,Not clustered,Not Promoter Bound in YPD
Dig1,YPL049C,-1.58,10.81,Miscellaneous,27,ISO5,Not clustered,12,Not clustered,Cofactor
Hho1,YPL127C,-1.75,11.09,Miscellaneous,27,ISO5,Not clustered,12,Not clustered,Not Promoter Bound in YPD
Hir1,YBL008W,-1.66,11.07,Miscellaneous,27,ISO5,Not clustered,12,Not clustered,Cofactor
Put3,YKL015W,-1.72,10.91,Miscellaneous,27,ISO5,Not clustered,12,Not clustered,TF
Rph1,YER169W,-1.69,11.01,Miscellaneous,27,ISO5,Not clustered,12,Not clustered,Not Promoter Bound in YPD
Ubp12,YJL197W,-1.7,10.66,Miscellaneous,27,ISO5,Not clustered,12,Not clustered,Not Promoter Bound in YPD
Yap7,YOL028C,-1.63,10.7,Miscellaneous,27,ISO5,Not clustered,12,Not clustered,TF
Ycs4,YLR272C,-1.77,11.29,Miscellaneous,27,ISO5,Not clustered,12,Not clustered,Not Promoter Bound in YPD
Acs2,YLR153C,-2.26,12.3,Miscellaneous,1,ISO1,Not clustered,15,Not clustered,Not Promoter Bound in YPD
Cca1,YER168C,-2.29,12.3,Miscellaneous,1,ISO1,Not clustered,15,Not clustered,Not Promoter Bound in YPD
Chd1,YER164W,-2.09,12.11,Miscellaneous,1,ISO1,Not clustered,15,Not clustered,Not Promoter Bound in YPD
Cka1,YIL035C,-2.11,12.21,Miscellaneous,1,ISO1,Not clustered,15,Not clustered,Not Promoter Bound in YPD
Dat1,YML113W,-2.29,12.27,Miscellaneous,1,ISO1,Not clustered,15,Not clustered,Cofactor
Dst1,YGL043W,-2.36,12.41,Miscellaneous,1,ISO1,Not clustered,15,Not clustered,Not Promoter Bound in YPD
Fhl1,YPR104C,-2.1,12.69,Miscellaneous,1,ISO1,Not clustered,15,Not clustered,TF
Fun30,YAL019W,-2.24,11.82,Miscellaneous,1,ISO1,Not clustered,15,Not clustered,Not Promoter Bound in YPD
Hmo1,YDR174W,-2.11,12.69,Miscellaneous,1,ISO1,Not clustered,15,Not clustered,TF
Hst1,YOL068C,-2.46,12.43,Miscellaneous,1,ISO1,Not clustered,15,Not clustered,Not Promoter Bound in YPD
Ifh1,YLR223C,-2.11,12.67,Miscellaneous,1,ISO1,Not clustered,15,Not clustered,Cofactor
Lys20,YDL182W,-2.28,12.34,Miscellaneous,1,ISO1,Not clustered,15,Not clustered,Not Promoter Bound in YPD
Nab2,YGL122C,-2.22,12.13,Miscellaneous,1,ISO1,Not clustered,15,Not clustered,Not Promoter Bound in YPD
Reb1,YBR049C,-2.46,12.06,Miscellaneous,1,ISO1,Not clustered,15,Not clustered,TF
Rtr1,YER139C,-2.17,12.31,Miscellaneous,1,ISO1,Not clustered,15,Not clustered,Not Promoter Bound in YPD
Scc2,YDR180W,-2.21,11.87,Miscellaneous,1,ISO1,Not clustered,15,Not clustered,Not Promoter Bound in YPD
Top1,YOL006C,-2.38,12.39,Miscellaneous,1,ISO1,Not clustered,15,Not clustered,Not Promoter Bound in YPD
Hst3,YOR025W,-3.06,11.96,Miscellaneous,35,ISO2,Not clustered,15,Not clustered,Not Promoter Bound in YPD
Tbf1,YPL128C,-3.06,11.95,Miscellaneous,35,ISO2,Not clustered,15,Not clustered,TF
Vid22,YLR373C,-3.05,11.97,Miscellaneous,35,ISO2,Not clustered,15,Not clustered,Cofactor
Asf2,YDL197C,-1.43,11.7,Miscellaneous,38,ISO3,Not clustered,15,Not clustered,Not Promoter Bound in YPD
Cha4,YLR098C,-1.76,11.59,Miscellaneous,38,ISO3,Not clustered,15,Not clustered,TF
Cka2,YOR061W,-1.75,11.77,Miscellaneous,38,ISO3,Not clustered,15,Not clustered,Not Promoter Bound in YPD
Ckb2,YOR039W,-1.94,11.79,Miscellaneous,38,ISO3,Not clustered,15,Not clustered,Not Promoter Bound in YPD
Esc2,YDR363W,-2.12,11.82,Miscellaneous,38,ISO3,Not clustered,15,Not clustered,Not Promoter Bound in YPD
Ess1,YJR017C,-1.86,11.78,Miscellaneous,38,ISO3,Not clustered,15,Not clustered,Not Promoter Bound in YPD
Hpc2,YBR215W,-1.76,11.6,Miscellaneous,38,ISO3,Not clustered,15,Not clustered,Cofactor
Ies3,YLR052W,-1.73,11.62,Miscellaneous,38,ISO3,Not clustered,15,Not clustered,Not Promoter Bound in YPD
Ies6,YEL044W,-1.71,11.66,Miscellaneous,38,ISO3,Not clustered,15,Not clustered,Not Promoter Bound in YPD
Lys21,YDL131W,-1.83,11.7,Miscellaneous,38,ISO3,Not clustered,15,Not clustered,Not Promoter Bound in YPD
Maf1,YDR005C,-1.89,11.76,Miscellaneous,38,ISO3,Not clustered,15,Not clustered,Not Promoter Bound in YPD
Mlp1,YKR095W,-1.75,11.63,Miscellaneous,38,ISO3,Not clustered,15,Not clustered,Not Promoter Bound in YPD
Tpk2,YPL203W,-1.8,11.6,Miscellaneous,38,ISO3,Not clustered,15,Not clustered,Not Promoter Bound in YPD
Yku80,YMR106C,-1.9,11.73,Miscellaneous,38,ISO3,Not clustered,15,Not clustered,Not Promoter Bound in YPD
Eaf3,YPR023C,0.14,6.99,Miscellaneous,5,ISO6,Not clustered,18,Not clustered,Cofactor
Ino80,YGL150C,0.1,7.07,Miscellaneous,5,ISO6,Not clustered,18,Not clustered,Not Promoter Bound in YPD
Ioc3,YFR013W,0.11,7.05,Miscellaneous,5,ISO6,Not clustered,18,Not clustered,Not Promoter Bound in YPD
Ctk3,YML112W,-0.49,7.96,Miscellaneous,37,ISO7,Not clustered,18,Not clustered,Not Promoter Bound in YPD
Gal4,YPL248C,-0.48,7.96,Miscellaneous,37,ISO7,Not clustered,18,Not clustered,TF
Rpa12,YJR063W,-0.48,7.96,Miscellaneous,37,ISO7,Not clustered,18,Not clustered,Not Promoter Bound in YPD
Lea1,YPL213W,-7.52,19.43,mRNA processing,7,SPL,Spliceosome,8,Spliceosome,Not Promoter Bound in YPD
Mud1,YBR119W,-7.51,19.43,mRNA processing,7,SPL,Spliceosome,8,Spliceosome,Not Promoter Bound in YPD
Prp4,YPR178W,-7.5,19.44,mRNA processing,7,SPL,Spliceosome,8,Spliceosome,Not Promoter Bound in YPD
Prp45,YAL032C,-7.49,19.46,mRNA processing,7,SPL,Spliceosome,8,Spliceosome,Not Promoter Bound in YPD
Prp46,YPL151C,-7.49,19.46,mRNA processing,7,SPL,Spliceosome,8,Spliceosome,Not Promoter Bound in YPD
Rts2,YOR077W,-7.49,19.45,mRNA processing,7,SPL,Spliceosome,8,Spliceosome,Not Promoter Bound in YPD
Smd1,YGR074W,-7.5,19.44,mRNA processing,7,SPL,Spliceosome,8,Spliceosome,Not Promoter Bound in YPD
Hpr1,YDR138W,-7.21,11.94,mRNA processing,19,THO,THO complex,19,THO complex,Not Promoter Bound in YPD
Mft1,YML062C,-7.21,11.93,mRNA processing,19,THO,THO complex,19,THO complex,Not Promoter Bound in YPD
Rlr1,YNL139C,-7.22,11.97,mRNA processing,19,THO,THO complex,19,THO complex,Not Promoter Bound in YPD
Set2,YJL168C,-7.27,12.01,mRNA processing,19,THO,THO complex,19,THO complex,Not Promoter Bound in YPD
Tho1,YER063W,-7.19,11.93,mRNA processing,19,THO,THO complex,19,THO complex,Not Promoter Bound in YPD
Thp2,YHR167W,-7.21,11.94,mRNA processing,19,THO,THO complex,19,THO complex,Not Promoter Bound in YPD
Taf10,YDR167W,-0.7,-2.32,Pre-Initiation complex,14,TAF,Taf module,4,TFIID Complex,Not Promoter Bound in YPD
Taf12,YDR145W,-0.69,-2.33,Pre-Initiation complex,14,TAF,Taf module,4,TFIID Complex,Not Promoter Bound in YPD
Taf4,YMR005W,-0.71,-2.32,Pre-Initiation complex,14,TAF,Taf module,4,TFIID Complex,Not Promoter Bound in YPD
Taf5,YBR198C,-0.72,-2.32,Pre-Initiation complex,14,TAF,Taf module,4,TFIID Complex,Not Promoter Bound in YPD
Taf6,YGL112C,-0.74,-2.31,Pre-Initiation complex,14,TAF,Taf module,4,TFIID Complex,Not Promoter Bound in YPD
Taf9,YMR236W,-0.7,-2.32,Pre-Initiation complex,14,TAF,Taf module,4,TFIID Complex,Not Promoter Bound in YPD
Bur6,YER159C,-1.81,-2.26,Pre-Initiation complex,26,NC2,NC2 complex,4,TFIID Complex,Not Promoter Bound in YPD
Mot1,YPL082C,-1.8,-2.26,Pre-Initiation complex,26,NC2,NC2 complex,4,TFIID Complex,Not Promoter Bound in YPD
Ncb2,YDR397C,-1.81,-2.26,Pre-Initiation complex,26,NC2,NC2 complex,4,TFIID Complex,Not Promoter Bound in YPD
Taf3,YPL011C,-1.65,-2.27,Pre-Initiation complex,26,NC2,NC2 complex,4,TFIID Complex,Not Promoter Bound in YPD
Taf1,YGR274C,-1.27,-2.25,Pre-Initiation complex,36,TFIID,TFIID LobeA/C,4,TFIID Complex,Not Promoter Bound in YPD
Taf11,YML015C,-1.24,-2.24,Pre-Initiation complex,36,TFIID,TFIID LobeA/C,4,TFIID Complex,Not Promoter Bound in YPD
Taf13,YML098W,-1.28,-2.27,Pre-Initiation complex,36,TFIID,TFIID LobeA/C,4,TFIID Complex,Not Promoter Bound in YPD
Taf14,YPL129W,-1.3,-2.25,Pre-Initiation complex,36,TFIID,TFIID LobeA/C,4,TFIID Complex,Not Promoter Bound in YPD
Taf7,YMR227C,-1.3,-2.27,Pre-Initiation complex,36,TFIID,TFIID LobeA/C,4,TFIID Complex,Not Promoter Bound in YPD
Taf8,YML114C,-1.37,-2.28,Pre-Initiation complex,36,TFIID,TFIID LobeA/C,4,TFIID Complex,Not Promoter Bound in YPD
Bye1,YKL005C,-3.9,-1.82,Pre-Initiation complex,0,TFIIE,TFIIE complex,13,General transcription factors (GTFs),Not Promoter Bound in YPD
Ino2,YDR123C,-4.13,-1.46,Pre-Initiation complex,0,TFIIE,TFIIE complex,13,General transcription factors (GTFs),TF
Ino4,YOL108C,-4.04,-1.59,Pre-Initiation complex,0,TFIIE,TFIIE complex,13,General transcription factors (GTFs),TF
Matalpha2,YCR039C,-3.87,-1.85,Pre-Initiation complex,0,TFIIE,TFIIE complex,13,General transcription factors (GTFs),TF
Rad3,YER171W,-3.43,-2.01,Pre-Initiation complex,0,TFIIE,TFIIE complex,13,General transcription factors (GTFs),Not Promoter Bound in YPD
Ssl2,YIL143C,-3.85,-1.86,Pre-Initiation complex,0,TFIIE,TFIIE complex,13,General transcription factors (GTFs),Not Promoter Bound in YPD
Sua7,YPR086W,-3.87,-1.86,Pre-Initiation complex,0,TFIIE,TFIIE complex,13,General transcription factors (GTFs),Not Promoter Bound in YPD
Tfa1,YKL028W,-3.53,-1.98,Pre-Initiation complex,0,TFIIE,TFIIE complex,13,General transcription factors (GTFs),Not Promoter Bound in YPD
Tfa2,YKR062W,-3.85,-1.86,Pre-Initiation complex,0,TFIIE,TFIIE complex,13,General transcription factors (GTFs),Not Promoter Bound in YPD
Tfb4,YPR056W,-3.78,-1.91,Pre-Initiation complex,0,TFIIE,TFIIE complex,13,General transcription factors (GTFs),Not Promoter Bound in YPD
Tfg1,YGR186W,-3.76,-1.91,Pre-Initiation complex,0,TFIIE,TFIIE complex,13,General transcription factors (GTFs),Not Promoter Bound in YPD
Ccl1,YPR025C,-2.75,-2.03,Pre-Initiation complex,28,TFIIH,TFIIH complex,13,General transcription factors (GTFs),Not Promoter Bound in YPD
CTDSer5,N/A,-2.68,-2.11,Pre-Initiation complex,28,TFIIH,TFIIH complex,13,General transcription factors (GTFs),Not Promoter Bound in YPD
CTDSer7,N/A,-2.66,-2.12,Pre-Initiation complex,28,TFIIH,TFIIH complex,13,General transcription factors (GTFs),Not Promoter Bound in YPD
Kin28,YDL108W,-3.26,-2.05,Pre-Initiation complex,28,TFIIH,TFIIH complex,13,General transcription factors (GTFs),Not Promoter Bound in YPD
Spt15,YER148W,-2.81,-2.01,Pre-Initiation complex,28,TFIIH,TFIIH complex,13,General transcription factors (GTFs),Not Promoter Bound in YPD
Ssl1,YLR005W,-3.22,-2.07,Pre-Initiation complex,28,TFIIH,TFIIH complex,13,General transcription factors (GTFs),Not Promoter Bound in YPD
Sub1,YMR039C,-2.67,-2.12,Pre-Initiation complex,28,TFIIH,TFIIH complex,13,General transcription factors (GTFs),Not Promoter Bound in YPD
Taf2,YCR042C,-2.6,-2.15,Pre-Initiation complex,28,TFIIH,TFIIH complex,13,General transcription factors (GTFs),Not Promoter Bound in YPD
Tfb1,YDR311W,-2.85,-2.05,Pre-Initiation complex,28,TFIIH,TFIIH complex,13,General transcription factors (GTFs),Not Promoter Bound in YPD
Tfb2,YPL122C,-3.18,-2.06,Pre-Initiation complex,28,TFIIH,TFIIH complex,13,General transcription factors (GTFs),Not Promoter Bound in YPD
Tfb3,YDR460W,-3.21,-2.06,Pre-Initiation complex,28,TFIIH,TFIIH complex,13,General transcription factors (GTFs),Not Promoter Bound in YPD
Toa1,YOR194C,-2.75,-2.05,Pre-Initiation complex,28,TFIIH,TFIIH complex,13,General transcription factors (GTFs),Not Promoter Bound in YPD
Bre1,YDL074C,-8.79,13.05,RNA Polymerase II elongation,12,SET,COMPASS complex,3,5' transcription elongation,Not Promoter Bound in YPD
Bre2,YLR015W,-8.84,13.08,RNA Polymerase II elongation,12,SET,COMPASS complex,3,5' transcription elongation,Not Promoter Bound in YPD
Ctk1,YKL139W,-8.77,12.92,RNA Polymerase II elongation,12,SET,COMPASS complex,3,5' transcription elongation,Not Promoter Bound in YPD
Ctk2,YJL006C,-8.64,12.88,RNA Polymerase II elongation,12,SET,COMPASS complex,3,5' transcription elongation,Not Promoter Bound in YPD
Dbp2,YNL112W,-8.78,13.02,RNA Polymerase II elongation,12,SET,COMPASS complex,3,5' transcription elongation,Not Promoter Bound in YPD
Hos2,YGL194C,-8.85,13.02,RNA Polymerase II elongation,12,SET,COMPASS complex,3,5' transcription elongation,Not Promoter Bound in YPD
Hos4,YIL112W,-9,12.92,RNA Polymerase II elongation,12,SET,COMPASS complex,3,5' transcription elongation,Not Promoter Bound in YPD
Npl3,YDR432W,-9.25,12.77,RNA Polymerase II elongation,12,SET,COMPASS complex,3,5' transcription elongation,Not Promoter Bound in YPD
Rad6,YGL058W,-8.88,12.99,RNA Polymerase II elongation,12,SET,COMPASS complex,3,5' transcription elongation,Not Promoter Bound in YPD
Sdc1,YDR469W,-8.83,13.02,RNA Polymerase II elongation,12,SET,COMPASS complex,3,5' transcription elongation,Not Promoter Bound in YPD
Set1,YHR119W,-9.32,12.74,RNA Polymerase II elongation,12,SET,COMPASS complex,3,5' transcription elongation,Not Promoter Bound in YPD
Set3,YKR029C,-9.18,12.8,RNA Polymerase II elongation,12,SET,COMPASS complex,3,5' transcription elongation,Not Promoter Bound in YPD
Sgv1,YPR161C,-9.26,12.6,RNA Polymerase II elongation,12,SET,COMPASS complex,3,5' transcription elongation,Not Promoter Bound in YPD
Shg1,YBR258C,-9.09,12.9,RNA Polymerase II elongation,12,SET,COMPASS complex,3,5' transcription elongation,Not Promoter Bound in YPD
Sif2,YBR103W,-9.06,12.9,RNA Polymerase II elongation,12,SET,COMPASS complex,3,5' transcription elongation,Not Promoter Bound in YPD
Spp1,YPL138C,-9.27,12.79,RNA Polymerase II elongation,12,SET,COMPASS complex,3,5' transcription elongation,Not Promoter Bound in YPD
Swd1,YAR003W,-9.14,12.86,RNA Polymerase II elongation,12,SET,COMPASS complex,3,5' transcription elongation,Not Promoter Bound in YPD
Swd3,YBR175W,-8.85,13.04,RNA Polymerase II elongation,12,SET,COMPASS complex,3,5' transcription elongation,Not Promoter Bound in YPD
Ctr9,YOL145C,-9.93,12.92,RNA Polymerase II elongation,34,PAF,PAF1 complex,3,5' transcription elongation,Not Promoter Bound in YPD
Leo1,YOR123C,-9.94,12.91,RNA Polymerase II elongation,34,PAF,PAF1 complex,3,5' transcription elongation,Not Promoter Bound in YPD
Paf1,YBR279W,-9.95,12.89,RNA Polymerase II elongation,34,PAF,PAF1 complex,3,5' transcription elongation,Not Promoter Bound in YPD
Rtf1,YGL244W,-9.91,12.92,RNA Polymerase II elongation,34,PAF,PAF1 complex,3,5' transcription elongation,Not Promoter Bound in YPD
Bcy1,YIL033C,-8.83,10.54,RNA Polymerase II elongation,20,NRD,Nrd1 complex,11,Transcription elongation,Not Promoter Bound in YPD
Csn12,YJR084W,-8.85,10.53,RNA Polymerase II elongation,20,NRD,Nrd1 complex,11,Transcription elongation,Not Promoter Bound in YPD
Elf1,YKL160W,-8.94,10.55,RNA Polymerase II elongation,20,NRD,Nrd1 complex,11,Transcription elongation,Not Promoter Bound in YPD
Nrd1,YNL251C,-9.1,10.72,RNA Polymerase II elongation,20,NRD,Nrd1 complex,11,Transcription elongation,Not Promoter Bound in YPD
Pub1,YNL016W,-8.93,10.55,RNA Polymerase II elongation,20,NRD,Nrd1 complex,11,Transcription elongation,Not Promoter Bound in YPD
Rpo21,YDL140C,-8.97,10.55,RNA Polymerase II elongation,20,NRD,Nrd1 complex,11,Transcription elongation,Not Promoter Bound in YPD
Sen1,YLR430W,-8.96,10.56,RNA Polymerase II elongation,20,NRD,Nrd1 complex,11,Transcription elongation,Not Promoter Bound in YPD
Tpk1,YJL164C,-8.93,10.51,RNA Polymerase II elongation,20,NRD,Nrd1 complex,11,Transcription elongation,Not Promoter Bound in YPD
Bur2,YLR226W,-9.3,11.84,RNA Polymerase II elongation,33,DSIF,DSIF complex,11,Transcription elongation,Not Promoter Bound in YPD
Cbc2,YPL178W,-9.32,11.21,RNA Polymerase II elongation,33,DSIF,DSIF complex,11,Transcription elongation,Not Promoter Bound in YPD
Isw1,YBR245C,-9.26,11.15,RNA Polymerase II elongation,33,DSIF,DSIF complex,11,Transcription elongation,Not Promoter Bound in YPD
Pob3,YML069W,-9.27,11.08,RNA Polymerase II elongation,33,DSIF,DSIF complex,11,Transcription elongation,Not Promoter Bound in YPD
Spn1,YPR133C,-9.33,11.16,RNA Polymerase II elongation,33,DSIF,DSIF complex,11,Transcription elongation,Not Promoter Bound in YPD
Spt16,YGL207W,-9.34,11.09,RNA Polymerase II elongation,33,DSIF,DSIF complex,11,Transcription elongation,Not Promoter Bound in YPD
Spt2,YER161C,-9.25,11.09,RNA Polymerase II elongation,33,DSIF,DSIF complex,11,Transcription elongation,Not Promoter Bound in YPD
Spt4,YGR063C,-9.39,11.15,RNA Polymerase II elongation,33,DSIF,DSIF complex,11,Transcription elongation,Not Promoter Bound in YPD
Spt5,YML010W,-9.32,11.13,RNA Polymerase II elongation,33,DSIF,DSIF complex,11,Transcription elongation,Not Promoter Bound in YPD
Spt6,YGR116W,-9.36,11.13,RNA Polymerase II elongation,33,DSIF,DSIF complex,11,Transcription elongation,Not Promoter Bound in YPD
CTDSer2,N/A,-9.32,9.88,RNA Polymerase II elongation,3,POL2,RNA polymerase II,17,3' transcription termination,Not Promoter Bound in YPD
Rpb2,YOR151C,-9.75,9.57,RNA Polymerase II elongation,3,POL2,RNA polymerase II,17,3' transcription termination,Not Promoter Bound in YPD
Rpb3,YIL021W,-9.72,9.57,RNA Polymerase II elongation,3,POL2,RNA polymerase II,17,3' transcription termination,Not Promoter Bound in YPD
Rpb4,YJL140W,-9.75,9.52,RNA Polymerase II elongation,3,POL2,RNA polymerase II,17,3' transcription termination,Not Promoter Bound in YPD
Rpb7,YDR404C,-9.75,9.58,RNA Polymerase II elongation,3,POL2,RNA polymerase II,17,3' transcription termination,Not Promoter Bound in YPD
Rpb9,YGL070C,-9.77,9.55,RNA Polymerase II elongation,3,POL2,RNA polymerase II,17,3' transcription termination,Not Promoter Bound in YPD
Rsc30,YHR056C,-9.73,9.53,RNA Polymerase II elongation,3,POL2,RNA polymerase II,17,3' transcription termination,Cofactor
Yta7,YGR270W,-9.76,9.57,RNA Polymerase II elongation,3,POL2,RNA polymerase II,17,3' transcription termination,Not Promoter Bound in YPD
Cft1,YDR301W,-8.48,9.17,RNA Polymerase II elongation,22,CPSF,Cleavage and PolyA Specificity Factors,17,3' transcription termination,Not Promoter Bound in YPD
Naf1,YNL124W,-8.67,9.61,RNA Polymerase II elongation,22,CPSF,Cleavage and PolyA Specificity Factors,17,3' transcription termination,Not Promoter Bound in YPD
Pap1,YKR002W,-8.59,9.3,RNA Polymerase II elongation,22,CPSF,Cleavage and PolyA Specificity Factors,17,3' transcription termination,Not Promoter Bound in YPD
Pcf11,YDR228C,-8.38,9.05,RNA Polymerase II elongation,22,CPSF,Cleavage and PolyA Specificity Factors,17,3' transcription termination,Not Promoter Bound in YPD
Ref2,YDR195W,-8.43,9.11,RNA Polymerase II elongation,22,CPSF,Cleavage and PolyA Specificity Factors,17,3' transcription termination,Not Promoter Bound in YPD
Rna14,YMR061W,-8.39,9.06,RNA Polymerase II elongation,22,CPSF,Cleavage and PolyA Specificity Factors,17,3' transcription termination,Not Promoter Bound in YPD
Rtt103,YDR289C,-8.38,9.05,RNA Polymerase II elongation,22,CPSF,Cleavage and PolyA Specificity Factors,17,3' transcription termination,Not Promoter Bound in YPD
Swd2,YKL018W,-8.6,9.32,RNA Polymerase II elongation,22,CPSF,Cleavage and PolyA Specificity Factors,17,3' transcription termination,Not Promoter Bound in YPD
Ysh1,YLR277C,-8.43,9.11,RNA Polymerase II elongation,22,CPSF,Cleavage and PolyA Specificity Factors,17,3' transcription termination,Not Promoter Bound in YPD
Abf1,YKL112W,1.14,5.72,RNA Polymerase II regulation,9,MDH,Mediator Head module,2,Mediator complex,TF
Azf1,YOR113W,1.52,4.78,RNA Polymerase II regulation,9,MDH,Mediator Head module,2,Mediator complex,TF
Crz1,YNL027W,1.18,5.52,RNA Polymerase II regulation,9,MDH,Mediator Head module,2,Mediator complex,TF
Med11,YMR112C,1.1,5.14,RNA Polymerase II regulation,9,MDH,Mediator Head module,2,Mediator complex,Cofactor (Mediator)
Msn2,YMR037C,1.45,5.46,RNA Polymerase II regulation,9,MDH,Mediator Head module,2,Mediator complex,Cofactor
Mss11,YMR164C,1.46,4.84,RNA Polymerase II regulation,9,MDH,Mediator Head module,2,Mediator complex,Cofactor
Rpn4,YDL020C,1.15,5.59,RNA Polymerase II regulation,9,MDH,Mediator Head module,2,Mediator complex,TF
Rtg3,YBL103C,1.44,4.97,RNA Polymerase II regulation,9,MDH,Mediator Head module,2,Mediator complex,Cofactor
Rtt102,YGR275W,1.41,5.4,RNA Polymerase II regulation,9,MDH,Mediator Head module,2,Mediator complex,Not Promoter Bound in YPD
Spt20,YOL148C,1.1,5.17,RNA Polymerase II regulation,9,MDH,Mediator Head module,2,Mediator complex,Cofactor (SAGA)
Spt8,YLR055C,1.42,5.49,RNA Polymerase II regulation,9,MDH,Mediator Head module,2,Mediator complex,Cofactor (SAGA)
Srb5,YGR104C,1.27,5.17,RNA Polymerase II regulation,9,MDH,Mediator Head module,2,Mediator complex,Cofactor (Mediator)
Srb6,YBR253W,1.15,5.09,RNA Polymerase II regulation,9,MDH,Mediator Head module,2,Mediator complex,Cofactor (Mediator)
Srb8,YCR081W,1.25,5.11,RNA Polymerase II regulation,9,MDH,Mediator Head module,2,Mediator complex,Cofactor (Mediator)
Ssn2,YDR443C,1.41,5.25,RNA Polymerase II regulation,9,MDH,Mediator Head module,2,Mediator complex,Cofactor (Mediator)
Ssn8,YNL025C,1.39,5.35,RNA Polymerase II regulation,9,MDH,Mediator Head module,2,Mediator complex,Cofactor (Mediator)
Ste12,YHR084W,1.16,5.08,RNA Polymerase II regulation,9,MDH,Mediator Head module,2,Mediator complex,TF
Ubp8,YMR223W,1.44,5.5,RNA Polymerase II regulation,9,MDH,Mediator Head module,2,Mediator complex,Cofactor (SAGA YPD & HS)
Aro80,YDR421W,1.06,3.97,RNA Polymerase II regulation,16,SWI,SWI/SNF complex,2,Mediator complex,Cofactor
Hap1,YLR256W,1.05,3.85,RNA Polymerase II regulation,16,SWI,SWI/SNF complex,2,Mediator complex,TF
Hot1,YMR172W,1.01,4.03,RNA Polymerase II regulation,16,SWI,SWI/SNF complex,2,Mediator complex,Cofactor
Leu3,YLR451W,0.92,4.02,RNA Polymerase II regulation,16,SWI,SWI/SNF complex,2,Mediator complex,TF
Pip2,YOR363C,1.06,3.99,RNA Polymerase II regulation,16,SWI,SWI/SNF complex,2,Mediator complex,TF
Snf6,YHL025W,1.08,3.93,RNA Polymerase II regulation,16,SWI,SWI/SNF complex,2,Mediator complex,Cofactor
Stb5,YHR178W,0.97,3.87,RNA Polymerase II regulation,16,SWI,SWI/SNF complex,2,Mediator complex,TF
Stp1,YDR463W,1.02,3.91,RNA Polymerase II regulation,16,SWI,SWI/SNF complex,2,Mediator complex,TF
Swi1,YPL016W,1.05,3.96,RNA Polymerase II regulation,16,SWI,SWI/SNF complex,2,Mediator complex,Cofactor
Swi3,YJL176C,1.04,3.99,RNA Polymerase II regulation,16,SWI,SWI/SNF complex,2,Mediator complex,Cofactor
Tea1,YOR337W,1.2,4.09,RNA Polymerase II regulation,16,SWI,SWI/SNF complex,2,Mediator complex,TF
Cse2,YNR010W,0.42,5.05,RNA Polymerase II regulation,24,MDM,Mediator Middle module,2,Mediator complex,Cofactor (Mediator)
Hal9,YOL089C,0.54,5.61,RNA Polymerase II regulation,24,MDM,Mediator Middle module,2,Mediator complex,TF
Mac1,YMR021C,0.79,5.19,RNA Polymerase II regulation,24,MDM,Mediator Middle module,2,Mediator complex,TF
Med4,YOR174W,0.33,4.95,RNA Polymerase II regulation,24,MDM,Mediator Middle module,2,Mediator complex,Cofactor (Mediator)
Med6,YHR058C,0.31,4.99,RNA Polymerase II regulation,24,MDM,Mediator Middle module,2,Mediator complex,Cofactor (Mediator)
Nut1,YGL151W,0.57,4.73,RNA Polymerase II regulation,24,MDM,Mediator Middle module,2,Mediator complex,Cofactor (Mediator)
Rgr1,YLR071C,0.57,4.74,RNA Polymerase II regulation,24,MDM,Mediator Middle module,2,Mediator complex,Cofactor (Mediator)
Rtt106,YNL206C,0.48,5.59,RNA Polymerase II regulation,24,MDM,Mediator Middle module,2,Mediator complex,Not Promoter Bound in YPD
Sin4,YNL236W,0.59,4.73,RNA Polymerase II regulation,24,MDM,Mediator Middle module,2,Mediator complex,Cofactor (Mediator)
Soh1,YGL127C,0.61,4.87,RNA Polymerase II regulation,24,MDM,Mediator Middle module,2,Mediator complex,Cofactor (Mediator)
Srb4,YER022W,0.28,5.05,RNA Polymerase II regulation,24,MDM,Mediator Middle module,2,Mediator complex,Cofactor (Mediator)
Yap1,YML007W,0.67,5.18,RNA Polymerase II regulation,24,MDM,Mediator Middle module,2,Mediator complex,TF
Yrr1,YOR162C,0.58,4.85,RNA Polymerase II regulation,24,MDM,Mediator Middle module,2,Mediator complex,TF
Zap1,YJL056C,0.83,4.91,RNA Polymerase II regulation,24,MDM,Mediator Middle module,2,Mediator complex,TF
Ace2,YLR131C,0.89,4.44,RNA Polymerase II regulation,39,MDT,Mediator Tail module,2,Mediator complex,Cofactor
Aft1,YGL071W,0.95,4.85,RNA Polymerase II regulation,39,MDT,Mediator Tail module,2,Mediator complex,TF
Aft2,YPL202C,0.99,4.26,RNA Polymerase II regulation,39,MDT,Mediator Tail module,2,Mediator complex,TF
Gal11,YOL051W,0.94,4.68,RNA Polymerase II regulation,39,MDT,Mediator Tail module,2,Mediator complex,Cofactor (Mediator)
Hms2,YJR147W,1.37,4.4,RNA Polymerase II regulation,39,MDT,Mediator Tail module,2,Mediator complex,TF
Med2,YDL005C,0.61,4.58,RNA Polymerase II regulation,39,MDT,Mediator Tail module,2,Mediator complex,Cofactor (Mediator)
Pgd1,YGL025C,0.81,4.5,RNA Polymerase II regulation,39,MDT,Mediator Tail module,2,Mediator complex,Cofactor (Mediator)
Skn7,YHR206W,1.34,4.39,RNA Polymerase II regulation,39,MDT,Mediator Tail module,2,Mediator complex,TF (TUP)
Snf11,YDR073W,1.05,4.3,RNA Polymerase II regulation,39,MDT,Mediator Tail module,2,Mediator complex,Cofactor
Swi5,YDR146C,0.83,4.48,RNA Polymerase II regulation,39,MDT,Mediator Tail module,2,Mediator complex,TF
Ada2,YDR448W,2.27,7.01,RNA Polymerase II regulation,18,NUA,NUA4 complex,10,SAGA complex,Cofactor (SAGA)
Eaf5,YEL018W,1.96,7.47,RNA Polymerase II regulation,18,NUA,NUA4 complex,10,SAGA complex,Cofactor
Eaf6,YJR082C,1.8,7.32,RNA Polymerase II regulation,18,NUA,NUA4 complex,10,SAGA complex,Cofactor
Esa1,YOR244W,1.94,7.38,RNA Polymerase II regulation,18,NUA,NUA4 complex,10,SAGA complex,Cofactor
God1,YGR002C,1.87,7.36,RNA Polymerase II regulation,18,NUA,NUA4 complex,10,SAGA complex,Not Promoter Bound in YPD
Lys14,YDR034C,2.1,7.13,RNA Polymerase II regulation,18,NUA,NUA4 complex,10,SAGA complex,TF
Nhp6a,YPR052C,1.99,7.61,RNA Polymerase II regulation,18,NUA,NUA4 complex,10,SAGA complex,Cofactor
Rap1,YNL216W,1.99,7.64,RNA Polymerase II regulation,18,NUA,NUA4 complex,10,SAGA complex,TF
Rif1,YBR275C,1.96,7.64,RNA Polymerase II regulation,18,NUA,NUA4 complex,10,SAGA complex,Not Promoter Bound in YPD
Rif2,YLR453C,1.98,7.65,RNA Polymerase II regulation,18,NUA,NUA4 complex,10,SAGA complex,Not Promoter Bound in YPD
Sfp1,YLR403W,1.86,7.31,RNA Polymerase II regulation,18,NUA,NUA4 complex,10,SAGA complex,TF
Sgf11,YPL047W,2.22,6.98,RNA Polymerase II regulation,18,NUA,NUA4 complex,10,SAGA complex,Cofactor (SAGA YPD & HS)
Sgf73,YGL066W,2.22,6.95,RNA Polymerase II regulation,18,NUA,NUA4 complex,10,SAGA complex,Cofactor (SAGA)
Spt7,YBR081C,2.31,6.94,RNA Polymerase II regulation,18,NUA,NUA4 complex,10,SAGA complex,Cofactor (SAGA YPD & HS)
Stb3,YDR169C,1.83,7.33,RNA Polymerase II regulation,18,NUA,NUA4 complex,10,SAGA complex,Cofactor
Yng2,YHR090C,1.89,7.35,RNA Polymerase II regulation,18,NUA,NUA4 complex,10,SAGA complex,Cofactor
Arp7,YPR034W,1.64,6.12,RNA Polymerase II regulation,29,HAT,HAT module,10,SAGA complex,Not Promoter Bound in YPD
Gcn5,YGR252W,1.71,6.32,RNA Polymerase II regulation,29,HAT,HAT module,10,SAGA complex,Cofactor (SAGA)
Hsf1,YGL073W,1.76,6.61,RNA Polymerase II regulation,29,HAT,HAT module,10,SAGA complex,TF
Ngg1,YDR176W,1.75,6.55,RNA Polymerase II regulation,29,HAT,HAT module,10,SAGA complex,Cofactor (SAGA)
Spt3,YDR392W,1.79,6.5,RNA Polymerase II regulation,29,HAT,HAT module,10,SAGA complex,Cofactor (SAGA)
Vid21,YDR359C,1.76,6.69,RNA Polymerase II regulation,29,HAT,HAT module,10,SAGA complex,Cofactor
Fzf1,YGL254W,0.01,6.21,RNA Polymerase II regulation,31,MET,MET complex,18,Not clustered,Cofactor
Gln3,YER040W,0.02,6.32,RNA Polymerase II regulation,31,MET,MET complex,18,Not clustered,Not Promoter Bound in YPD
Hir2,YOR038C,0.02,5.71,RNA Polymerase II regulation,31,MET,MET complex,18,Not clustered,Cofactor
Hir3,YJR140C,0.11,5.65,RNA Polymerase II regulation,31,MET,MET complex,18,Not clustered,Cofactor
Met31,YPL038W,-0.03,6.25,RNA Polymerase II regulation,31,MET,MET complex,18,Not clustered,TF
Met32,YDR253C,-0.08,6.23,RNA Polymerase II regulation,31,MET,MET complex,18,Not clustered,TF
Met4,YNL103W,-0.03,6.28,RNA Polymerase II regulation,31,MET,MET complex,18,Not clustered,TF
Pdr1,YGL013C,-0.02,6.28,RNA Polymerase II regulation,31,MET,MET complex,18,Not clustered,TF
Spt10,YJL127C,0.02,5.71,RNA Polymerase II regulation,31,MET,MET complex,18,Not clustered,Not Promoter Bound in YPD
Spt21,YMR179W,0.01,5.8,RNA Polymerase II regulation,31,MET,MET complex,18,Not clustered,Not Promoter Bound in YPD
Stp2,YHR006W,-0.02,6.28,RNA Polymerase II regulation,31,MET,MET complex,18,Not clustered,Cofactor
Sum1,YDR310C,-0.04,6.24,RNA Polymerase II regulation,31,MET,MET complex,18,Not clustered,TF
Ret1,YOR207C,11.89,11.57,RNA Polymerase III,4,POL3,RNA polymerase III,5,tRNA transcription,Not Promoter Bound in YPD
Rpc17,YJL011C,12.04,11.42,RNA Polymerase III,4,POL3,RNA polymerase III,5,tRNA transcription,Not Promoter Bound in YPD
Rpc19,YNL113W,12.04,11.42,RNA Polymerase III,4,POL3,RNA polymerase III,5,tRNA transcription,Not Promoter Bound in YPD
Rpc34,YNR003C,11.89,11.57,RNA Polymerase III,4,POL3,RNA polymerase III,5,tRNA transcription,Not Promoter Bound in YPD
Rpc37,YKR025W,12.02,11.43,RNA Polymerase III,4,POL3,RNA polymerase III,5,tRNA transcription,Not Promoter Bound in YPD
Rpc53,YDL150W,11.7,11.71,RNA Polymerase III,4,POL3,RNA polymerase III,5,tRNA transcription,Not Promoter Bound in YPD
Rpo31,YOR116C,12.04,11.42,RNA Polymerase III,4,POL3,RNA polymerase III,5,tRNA transcription,Not Promoter Bound in YPD
Bdp1,YNL039W,11.14,12.04,RNA Polymerase III,23,TFB/C,RNA polymerase III initiation complex,5,tRNA transcription,Not Promoter Bound in YPD
Brf1,YGR246C,11.14,12.02,RNA Polymerase III,23,TFB/C,RNA polymerase III initiation complex,5,tRNA transcription,Not Promoter Bound in YPD
Kar4,YCL055W,11.15,11.99,RNA Polymerase III,23,TFB/C,RNA polymerase III initiation complex,5,tRNA transcription,Cofactor
Rpc25,YKL144C,11.1,11.95,RNA Polymerase III,23,TFB/C,RNA polymerase III initiation complex,5,tRNA transcription,Not Promoter Bound in YPD
Rpc40,YPR110C,11.16,12.01,RNA Polymerase III,23,TFB/C,RNA polymerase III initiation complex,5,tRNA transcription,Not Promoter Bound in YPD
Tfc1,YBR123C,11.5,11.85,RNA Polymerase III,23,TFB/C,RNA polymerase III initiation complex,5,tRNA transcription,Not Promoter Bound in YPD
Tfc3,YAL001C,11.2,12,RNA Polymerase III,23,TFB/C,RNA polymerase III initiation complex,5,tRNA transcription,Not Promoter Bound in YPD
Tfc4,YGR047C,11.16,12.03,RNA Polymerase III,23,TFB/C,RNA polymerase III initiation complex,5,tRNA transcription,Not Promoter Bound in YPD
Tfc6,YDR362C,11.5,11.85,RNA Polymerase III,23,TFB/C,RNA polymerase III initiation complex,5,tRNA transcription,Not Promoter Bound in YPD
Tfc7,YOR110W,11.32,11.93,RNA Polymerase III,23,TFB/C,RNA polymerase III initiation complex,5,tRNA transcription,Not Promoter Bound in YPD
Tfc8,YPL007C,11.33,11.92,RNA Polymerase III,23,TFB/C,RNA polymerase III initiation complex,5,tRNA transcription,Not Promoter Bound in YPD
Cdc46,YLR274W,0.26,-13.07,Specialized DNA sequences,6,ORC,Origin of Replication,1,Origin of Replication,Not Promoter Bound in YPD
Orc1,YML065W,0.27,-13.07,Specialized DNA sequences,6,ORC,Origin of Replication,1,Origin of Replication,Not Promoter Bound in YPD
Orc2,YBR060C,0.24,-13.09,Specialized DNA sequences,6,ORC,Origin of Replication,1,Origin of Replication,Not Promoter Bound in YPD
Orc4,YPR162C,0.24,-13.09,Specialized DNA sequences,6,ORC,Origin of Replication,1,Origin of Replication,Not Promoter Bound in YPD
Orc5,YNL261W,0.26,-13.07,Specialized DNA sequences,6,ORC,Origin of Replication,1,Origin of Replication,Not Promoter Bound in YPD
Orc6,YHR118C,0.26,-13.07,Specialized DNA sequences,6,ORC,Origin of Replication,1,Origin of Replication,Not Promoter Bound in YPD
Brn1,YBL097W,2.48,15.88,Specialized DNA sequences,8,CEN,Centromere,7,Centromere,Not Promoter Bound in YPD
Cbf1,YJR060W,2.78,16.04,Specialized DNA sequences,8,CEN,Centromere,7,Centromere,TF
Cln1,YMR199W,2.75,16.01,Specialized DNA sequences,8,CEN,Centromere,7,Centromere,Cofactor
Irr1,YIL026C,2,16.01,Specialized DNA sequences,8,CEN,Centromere,7,Centromere,Not Promoter Bound in YPD
Mcd1,YDL003W,2.03,16,Specialized DNA sequences,8,CEN,Centromere,7,Centromere,Not Promoter Bound in YPD
Mcm16,YPR046W,2.72,15.98,Specialized DNA sequences,8,CEN,Centromere,7,Centromere,Not Promoter Bound in YPD
Mif2,YKL089W,2.72,15.97,Specialized DNA sequences,8,CEN,Centromere,7,Centromere,Not Promoter Bound in YPD
Nkp1,YDR383C,2.69,15.95,Specialized DNA sequences,8,CEN,Centromere,7,Centromere,Not Promoter Bound in YPD
Nkp2,YLR315W,2.65,15.92,Specialized DNA sequences,8,CEN,Centromere,7,Centromere,Not Promoter Bound in YPD
Smc1,YFL008W,2.01,16.01,Specialized DNA sequences,8,CEN,Centromere,7,Centromere,Not Promoter Bound in YPD
Smc3,YJL074C,2,16.01,Specialized DNA sequences,8,CEN,Centromere,7,Centromere,Not Promoter Bound in YPD
Smc4,YLR086W,2.47,15.85,Specialized DNA sequences,8,CEN,Centromere,7,Centromere,Not Promoter Bound in YPD